CountryCode,Long Name,Income Group,Region,Lending category,Other groups,Currency Unit,Latest population census,Latest household survey,Special Notes,National accounts base year,National accounts reference year,System of National Accounts,SNA price valuation,Alternative conversion factor,PPP survey year,Balance of Payments Manual in use,External debt Reporting status,System of trade,Government Accounting concept,IMF data dissemination standard,Source of most recent Income and expenditure data,Vital registration complete,Latest agricultural census,Latest industrial data,Latest trade data,Latest water withdrawal data,2-alpha code,WB-2 code,Table Name,Short Name
ABW,Aruba,High income: nonOECD,Latin America & Caribbean,,,Aruban florin,2000,,,1995,,,,,,,,Special,,,,,,,2008,,AW,AW,Aruba,Aruba
ADO,Principality of Andorra,High income: nonOECD,Europe & Central Asia,,,Euro,Register based,,,,,,,,,,,General,,,,Yes,,,2006,,AD,AD,Andorra,Andorra
AFG,Islamic State of Afghanistan,Low income,South Asia,IDA,HIPC,Afghan afghani,1979,"MICS, 2003",Fiscal year end: March 20; reporting period for national accounts data: FY.,2002/2003,,,VAB,,,,Actual,General,Consolidated,GDDS,,,,,2008,2000,AF,AF,Afghanistan,Afghanistan
AGO,People's Republic of Angola,Lower middle income,Sub-Saharan Africa,IDA,,Angolan kwanza,1970,"MICS, 2001, MIS, 2006/07",,1997,,,VAP,1991-96,2005,BPM5,Actual,Special,,GDDS,"IHS, 2000",,1964-65,,1991,2000,AO,AO,Angola,Angola
ALB,Republic of Albania,Upper middle income,Europe & Central Asia,IBRD,,Albanian lek,2001,"MICS, 2005",,,1996,1993,VAB,,2005,BPM5,Actual,General,Consolidated,GDDS,"LSMS, 2005",Yes,1998,2005,2008,2000,AL,AL,Albania,Albania
ARE,United Arab Emirates,High income: nonOECD,Middle East & North Africa,,,U.A.E. dirham,2005,,,1995,,,VAB,,,BPM4,,General,Consolidated,GDDS,,,1998,,2008,2005,AE,AE,United Arab Emirates,United Arab Emirates
ARG,Argentine Republic,Upper middle income,Latin America & Caribbean,IBRD,,Argentine peso,2001,,,1993,,1993,VAB,1971-84,2005,BPM5,Actual,Special,Consolidated,SDDS,"IHS, 2006",Yes,2002,2001,2008,2000,AR,AR,Argentina,Argentina
ARM,Republic of Armenia,Lower middle income,Europe & Central Asia,Blend,,Armenian dram,2001,"DHS, 2005",,,1996,1993,VAB,1990-95,2005,BPM5,Actual,Special,Consolidated,SDDS,"IHS, 2007",Yes,,,2008,2000,AM,AM,Armenia,Armenia
ASM,American Samoa,Upper middle income,East Asia & Pacific,,,U.S. dollar,2000,,,,,,,,,,,,,,,Yes,,,,,AS,AS,American Samoa,American Samoa
ATG,Antigua and Barbuda,Upper middle income,Latin America & Caribbean,IBRD,,East Caribbean dollar,2001,,The government has revised national accounts data for 1998-2008.,1990,,,VAB,,,BPM5,,General,,GDDS,,Yes,,,2007,1990,AG,AG,Antigua and Barbuda,Antigua and Barbuda
AUS,Commonwealth of Australia,High income: OECD,East Asia & Pacific,,,Australian dollar,2006,,Fiscal year end: June 30; reporting period for national accounts data: FY.,,2007,1993,VAB,,2005,BPM5,,General,Consolidated,SDDS,"ES/BS, 1994",Yes,2001,2004,2008,2000,AU,AU,Australia,Australia
AUT,Republic of Austria,High income: OECD,Europe & Central Asia,,Euro area,Euro,2001,,"A simple multiplier is used to convert the national currencies of EMU members to euros. The following irrevocable euro conversion rate was adopted by the EU Council on January 1, 1999: 1 euro = 13.7603 Austrian schilling. Please note that historical data before 1999 are not actual euros and are not comparable or suitable for aggregation across countries.",2000,,1993,VAB,,2005,BPM5,,Special,Consolidated,SDDS,IS 2000,Yes,1999-2000,2004,2008,2000,AT,AT,Austria,Austria
AZE,Republic of Azerbaijan,Upper middle income,Europe & Central Asia,Blend,,New Azeri manat,2009,"DHS, 2006",,,2003,1993,VAB,1992-95,2005,BPM5,Actual,General,Consolidated,GDDS,"ES/BS, 2005",Yes,,2005,2008,2005,AZ,AZ,Azerbaijan,Azerbaijan
BDI,Republic of Burundi,Low income,Sub-Saharan Africa,IDA,HIPC,Burundi franc,1990,"MICS, 2005",,1980,,,VAB,,2005,BPM5,Actual,Special,Consolidated,,"CWIQ, 2006",,,,2008,2000,BI,BI,Burundi,Burundi
BEL,Kingdom of Belgium,High income: OECD,Europe & Central Asia,,Euro area,Euro,2001,,"A simple multiplier is used to convert the national currencies of EMU members to euros. The following irrevocable euro conversion rate was adopted by the EU Council on January 1, 1999: 1 euro = 40.3399 Belgian franc. Please note that historical data before 1999 are not actual euros and are not comparable or suitable for aggregation across countries.",2000,,1993,VAB,,2005,BPM5,,Special,Consolidated,SDDS,"IHS, 2000",Yes,1999-2000 (conducted annually),2004,2008,,BE,BE,Belgium,Belgium
BEN,Republic of Benin,Low income,Sub-Saharan Africa,IDA,HIPC,CFA franc,2002,"DHS, 2006",,1985,,,VAP,1992,2005,BPM5,Preliminary,Special,Budgetary,GDDS,"CWIQ, 2003",,1992,,2005,2001,BJ,BJ,Benin,Benin
BFA,Burkina Faso,Low income,Sub-Saharan Africa,IDA,HIPC,CFA franc,2006,"MICS, 2006",,1999,,,VAB,1992-93,2005,BPM4,Actual,General,Budgetary,GDDS,"CWIQ, 2003",,1993,,2005,2000,BF,BF,Burkina Faso,Burkina Faso
BGD,People's Republic of Bangladesh,Low income,South Asia,IDA,,Bangladeshi taka,2001,"DHS, 2007",Fiscal year end: June 30; reporting period for national accounts data: FY.,1995/1996,,1993,VAB,,2005,BPM5,Preliminary,General,Consolidated,GDDS,"IHS, 2005",,2005,1997,2007,2000,BD,BD,Bangladesh,Bangladesh
BGR,Republic of Bulgaria,Upper middle income,Europe & Central Asia,IBRD,,Bulgarian lev,2001,,,,2002,1993,VAB,"1978-89, 1991-92",2005,BPM5,Actual,General,Consolidated,SDDS,"ES/BS, 2003",Yes,,2005,2008,2000,BG,BG,Bulgaria,Bulgaria
BHR,Kingdom of Bahrain,High income: nonOECD,Middle East & North Africa,,,Bahraini dinar,2001,,,1985,,,VAP,,2005,BPM5,,General,Consolidated,GDDS,,Yes,,,2007,2003,BH,BH,Bahrain,Bahrain
BHS,Commonwealth of The Bahamas,High income: nonOECD,Latin America & Caribbean,,,Bahamian dollar,2000,,The government has revised national accounts data for 1997-2007. The new base year is 2006.,2006,,1993,VAB,,,BPM5,,General,Budgetary,GDDS,,,,1997,2008,,BS,BS,"Bahamas, The",The Bahamas
BIH,Bosnia and Herzegovina,Upper middle income,Europe & Central Asia,Blend,,Bosnia and Herzegovina convertible mark,1991,"MICS, 2006",,,1996,1993,VAB,,2005,BPM5,Actual,General,Consolidated,,"LSMS, 2007",Yes,,,2008,,BA,BA,Bosnia and Herzegovina,Bosnia and Herzegovina
BLR,Republic of Belarus,Upper middle income,Europe & Central Asia,IBRD,,Belarusian rubel,1999,"MICS, 2005",,,2000,1993,VAB,1990-95,2005,BPM5,Actual,General,Consolidated,SDDS,ES/BS 2007,Yes,1994,,2008,2000,BY,BY,Belarus,Belarus
BLZ,Belize,Lower middle income,Latin America & Caribbean,IBRD,,Belize dollar,2000,"MICS, 2006",The government has revised national accounts data for 1991-2008.,2000,,1993,VAB,,,BPM5,Actual,General,Budgetary,GDDS,ES/BS 1995,,,,2008,2000,BZ,BZ,Belize,Belize
BMU,The Bermudas,High income: nonOECD,North America,,,Bermuda dollar,2000,,The Statistical Office has revised national accounts data for 1996-2007.,1996,,,VAB,,,,,,,,,Yes,,,2008,,BM,BM,Bermuda,Bermuda
BOL,Plurinational State of Bolivia,Lower middle income,Latin America & Caribbean,Blend,HIPC,Bolivian Boliviano,2001,"DHS, 2008",,1990,,1993,VAB,1960-85,2005,BPM5,Actual,Special,Consolidated,GDDS,"IHS, 2007",,1984-1988,2000,2008,2000,BO,BO,Bolivia,Bolivia
BRA,Federative Republic of Brazil,Upper middle income,Latin America & Caribbean,IBRD,,Brazilian real,2000,"DHS, 1996",,2000,,1993,VAB,,2005,BPM5,Actual,Special,Consolidated,SDDS,"LFS, 2007",,1996,2004,2008,2000,BR,BR,Brazil,Brazil
BRB,Barbados,High income: nonOECD,Latin America & Caribbean,,,Barbados dollar,2000,,,1974,,,VAB,,,BPM5,,General,Consolidated,GDDS,,Yes,,,2008,2000,BB,BB,Barbados,Barbados
BRN,Brunei Darussalam,High income: nonOECD,East Asia & Pacific,,,Brunei dollar,2001,,,2000,,,VAP,,2005,,,General,,GDDS,,Yes,,,2006,,BN,BN,Brunei Darussalam,Brunei
BTN,Kingdom of Bhutan,Lower middle income,South Asia,IDA,,Bhutanese ngultrum,2005,,,2000,,1993,VAB,,2005,,Actual,,Consolidated,,"IHS, 2003",,2000,,2008,2000,BT,BT,Bhutan,Bhutan
BWA,Republic of Botswana,Upper middle income,Sub-Saharan Africa,IBRD,,Botswana pula,2001,"MICS, 2000",Fiscal year end: June 30; reporting period for national accounts data: FY.,1993/1994,,1993,VAB,,2005,BPM5,Preliminary,General,Budgetary,GDDS,"ES/BS, 1993/94",,1993,2005,2008,2000,BW,BW,Botswana,Botswana
CAF,Central African Republic,Low income,Sub-Saharan Africa,IDA,HIPC,CFA franc,2003,"MICS, 2006",,2000,,,VAB,,2005,BPM4,Preliminary,Special,Budgetary,GDDS,"PS, 2003",,1985,,2005,2000,CF,CF,Central African Republic,Central African Republic
CAN,Canada,High income: OECD,North America,,,Canadian dollar,2006,,Fiscal year end: March 31; reporting period for national accounts data: CY.,2000,,1993,VAB,,2005,BPM5,,General,Consolidated,SDDS,"LFS, 2000",Yes,1996/2001,2001,2008,2000,CA,CA,Canada,Canada
CHE,Switzerland,High income: OECD,Europe & Central Asia,,,Swiss franc,2000,,,2000,,,VAB,,2005,BPM5,,Special,Consolidated,SDDS,"ES/BS, 2000",Yes,2000,,2008,2000,CH,CH,Switzerland,Switzerland
CHI,Channel Islands,High income: nonOECD,Europe & Central Asia,,,Jersey pound and Guernsey pound ,2001,,,2007 and 2003,2007,1993,VAB,,,,,,,,,Yes,,,,,,,Channel Islands,Channel Islands
CHL,Republic of Chile,Upper middle income,Latin America & Caribbean,IBRD,,Chilean peso,2002,,,2003,,1993,VAB,,2005,BPM5,Actual,Special,Consolidated,SDDS,"IHS, 2006",Yes,1997,2005,2008,2000,CL,CL,Chile,Chile
CHN,People's Republic of China,Lower middle income,East Asia & Pacific,IBRD,,Chinese yuan,2000,"NSS, 2007","On 1 July 1997 China resumed its exercise of sovereignty over Hong Kong; and on 20 December 1999 China resumed its exercise of sovereignty over Macao. Unless otherwise noted, data for China do not include data for Hong Kong SAR, China; Macao SAR, China; or Taiwan, China.",2000,,1993,VAP,1978-93,2005,BPM5,Preliminary,Special,Budgetary,GDDS,"IHS, 2005",,1997,2005,2008,2000,CN,CN,China,China
CIV,Republic of Côte d'Ivoire,Lower middle income,Sub-Saharan Africa,IDA,HIPC,CFA franc,1998,"MICS, 2006",,1996,,,VAP,,2005,BPM5,Actual,Special,Consolidated,GDDS,"IHS, 2002",,2001,,2008,,CI,CI,Côte d'Ivoire,Côte d'Ivoire
CMR,Republic of Cameroon,Lower middle income,Sub-Saharan Africa,IDA,HIPC,CFA franc,1987,"MICS, 2006",,2000,,1993,VAB,,2005,BPM5,Actual,Special,Consolidated,GDDS,"PS, 2001",,1984,,2006,2000,CM,CM,Cameroon,Cameroon
COG,Republic of Congo,Lower middle income,Sub-Saharan Africa,IDA,HIPC,CFA franc,1996,"DHS, 2005",,1978,,,VAP,1993,2005,BPM5,Preliminary,Special,Consolidated,GDDS,"CWIQ/ PS, 2005",,1985-1986,,1995,2002,CG,CG,"Congo, Rep.",Congo
COL,Republic of Colombia,Upper middle income,Latin America & Caribbean,IBRD,,Colombian peso,2005,"DHS, 2005",,2000,,1993,VAB,1992-94,2005,BPM5,Actual,Special,Budgetary,SDDS,"IHS, 2006",,2001,2004,2008,2000,CO,CO,Colombia,Colombia
COM,Union of the Comoros,Low income,Sub-Saharan Africa,IDA,HIPC,Comorian franc,2003,"MICS, 2000",,1990,,,VAP,,2005,,Preliminary,,,,"IHS, 2004",,,,2007,,KM,KM,Comoros,Comoros
CPV,Republic of Cape Verde,Lower middle income,Sub-Saharan Africa,Blend,,Cape Verde escudo,2000,,,1980,,,VAP,,2005,BPM5,Actual,Special,,GDDS,"ES/BS, 2001",Yes,2004,,2008,,CV,CV,Cape Verde,Cape Verde
CRI,Republic of Costa Rica,Upper middle income,Latin America & Caribbean,IBRD,,Costa Rican colon,2000,"RHS, 1993",,1991,,1993,VAB,,,BPM5,Actual,Special,Consolidated,SDDS,"LFS, 2007",Yes,1973,,2008,2000,CR,CR,Costa Rica,Costa Rica
CUB,Republic of Cuba,Upper middle income,Latin America & Caribbean,,,Cuban peso,2002,"MICS, 2006",,1984,,,VAP,,,,,General,,,,Yes,,,2006,2000,CU,CU,Cuba,Cuba
CYM,Cayman Islands,High income: nonOECD,Latin America & Caribbean,,,Cayman Islands dollar,1999,,,,,,,,,,,,,,,Yes,,,,,KY,KY,Cayman Islands,Cayman Islands
CYP,Republic of Cyprus,High income: nonOECD,Europe & Central Asia,,Euro area,Euro,2001,,"A simple multiplier is used to convert the national currencies of EMU members to euros. The following irrevocable euro conversion rate entered into force on January 1, 2008: 1 euro = 0.585274 Cyprus pounds. Please note that historical data are not actual euros and are not comparable or suitable for aggregation across countries.",,2000,,VAB,,2005,BPM5,,General,Consolidated,SDDS,,Yes,,2005,2008,2000,CY,CY,Cyprus,Cyprus
CZE,Czech Republic,High income: OECD,Europe & Central Asia,,,Czech koruna,2001,"RHS, 1993",,2000,1995,1993,VAB,,2005,BPM5,,General,Consolidated,SDDS,IS 1996,Yes,2000,2005,2008,2000,CZ,CZ,Czech Republic,Czech Republic
DEU,Federal Republic of Germany,High income: OECD,Europe & Central Asia,,Euro area,Euro,2001,,"A simple multiplier is used to convert the national currencies of EMU members to euros. The following irrevocable euro conversion rate was adopted by the EU Council on January 1, 1999: 1 euro = 1.95583 German mark. Please note that historical data before 1999 are not actual euros and are not comparable or suitable for aggregation across countries.",2000,,1993,VAB,,2005,BPM5,,Special,Consolidated,SDDS,"IHS, 2000",Yes,1999-2000,2004,2008,2000,DE,DE,Germany,Germany
DJI,Republic of Djibouti,Lower middle income,Middle East & North Africa,IDA,,Djibouti franc,2009,"MICS, 2006",,1990,,,VAB,,2005,,Actual,,,,"PS, 2002",,,,1998,2000,DJ,DJ,Djibouti,Djibouti
DMA,Commonwealth of Dominica,Upper middle income,Latin America & Caribbean,Blend,,East Caribbean dollar,2001,,,1990,,1993,VAB,,,BPM5,Actual,General,,GDDS,,Yes,,,2008,,DM,DM,Dominica,Dominica
DNK,Kingdom of Denmark,High income: OECD,Europe & Central Asia,,,Danish krone,2001,,,2000,,1993,VAB,,2005,BPM5,,General,Consolidated,SDDS,ITR 1997,Yes,1999-2000,2004,2008,2000,DK,DK,Denmark,Denmark
DOM,Dominican Republic,Upper middle income,Latin America & Caribbean,IBRD,,Dominican peso,2002,"DHS, 2007",,1991,,,VAB,,,BPM5,Actual,General,Consolidated,GDDS,"IHS, 2005",,1971,,2008,2000,DO,DO,Dominican Republic,Dominican Republic
DZA,People's Democratic Republic of Algeria,Upper middle income,Middle East & North Africa,IBRD,,Algerian dinar,2008,"MICS, 2006",,1980,,,VAB,,,BPM5,Actual,Special,Budgetary,GDDS,"IHS, 1995",,2001,,2007,2000,DZ,DZ,Algeria,Algeria
EAP,East Asia & Pacific (developing only),,,,,,,,East Asia and Pacific regional aggregate (does not include high-income economies).,,,,,,,,,,,,,,,,,,,,East Asia & Pacific,East Asia & Pacific (developing only)
EAS,East Asia & Pacific (all income levels),,,,,,,,East Asia and Pacific regional aggregate (including high-income economies).,,,,,,,,,,,,,,,,,,,,East Asia & Pacific (all income levels),East Asia & Pacific (all income levels)
ECA,Europe & Central Asia (developing only),,,,,,,,Europe and Central Asia regional aggregate (does not include high-income economies).,,,,,,,,,,,,,,,,,,,,Europe & Central Asia,Europe & Central Asia (developing only)
ECS,Europe & Central Asia (all income levels),,,,,,,,Europe and Central Asia regional aggregate (including high-income economies).,,,,,,,,,,,,,,,,,,,,Europe & Central Asia (all income levels),Europe & Central Asia (all income levels)
ECU,Republic of Ecuador,Lower middle income,Latin America & Caribbean,IBRD,,U.S. dollar,2001,"RHS, 2004",,2000,,1993,VAB,,2005,BPM5,Actual,Special,Budgetary,SDDS,"LFS, 2005",,1999-2000,2004,2008,2000,EC,EC,Ecuador,Ecuador
EGY,Arab Republic of Egypt,Lower middle income,Middle East & North Africa,IBRD,,Egyptian pound,2006,"DHS, 2008",Fiscal year end: June 30; reporting period for national accounts data: FY.,1991/1992,,,VAB,,2005,BPM5,Actual,Special,Budgetary,SDDS,"ES/BS, 2004-05",Yes,1999-2000,2001,2008,2000,EG,EG,"Egypt, Arab Rep.",Egypt
EMU,Euro area,,,,,,,,Euro area aggregate.,,,,,,,,,,,,,,,,,,,,Euro area,Euro area
ERI,State of Eritrea,Low income,Sub-Saharan Africa,IDA,HIPC,Eritrean nakfa,1984,"DHS, 2002",,1992,,,VAB,,,BPM4,Actual,General,,,,,,2005,2003,2004,ER,ER,Eritrea,Eritrea
ESP,Kingdom of Spain,High income: OECD,Europe & Central Asia,,Euro area,Euro,2001,,"A simple multiplier is used to convert the national currencies of EMU members to euros. The following irrevocable euro conversion rate was adopted by the EU Council on January 1, 1999: 1 euro = 166.386 Spanish peseta. Please note that historical data before 1999 are not actual euros and are not comparable or suitable for aggregation across countries.",2000,,1993,VAB,,2005,BPM5,,Special,Consolidated,SDDS,"IHS, 2000",Yes,1999,2004,2008,2000,ES,ES,Spain,Spain
EST,Republic of Estonia,High income: nonOECD,Europe & Central Asia,,,Estonian kroon,2000,,,2000,,1993,VAB,1987-95,2005,BPM5,,General,Consolidated,SDDS,"ES/BS, 2004",Yes,2001,2005,2008,2000,EE,EE,Estonia,Estonia
ETH,Federal Democratic Republic of Ethiopia,Low income,Sub-Saharan Africa,IDA,HIPC,Ethiopian birr,2007,"DHS, 2005",Fiscal year end: July 7; reporting period for national accounts data: FY.,1999/2000,,1993,VAB,,2005,BPM5,Actual,General,Consolidated,GDDS,"ES/BS, 2005",,2001-2002,2005,2008,2002,ET,ET,Ethiopia,Ethiopia
FIN,Republic of Finland,High income: OECD,Europe & Central Asia,,Euro area,Euro,2000,,"A simple multiplier is used to convert the national currencies of EMU members to euros. The following irrevocable euro conversion rate was adopted by the EU Council on January 1, 1999: 1 euro = 5.94573 Finnish markka. Please note that historical data before 1999 are not actual euros and are not comparable or suitable for aggregation across countries.",2000,,1993,VAB,,2005,BPM5,,General,Consolidated,SDDS,"IS, 2000",Yes,1999-2000,2004,2008,2000,FI,FI,Finland,Finland
FJI,Republic of Fiji,Upper middle income,East Asia & Pacific,IBRD,,Fijian dollar,2007,,,1995,,,VAB,,2005,BPM4,Actual,General,Budgetary,GDDS,,Yes,,2003,2007,2000,FJ,FJ,Fiji,Fiji
FRA,French Republic,High income: OECD,Europe & Central Asia,,Euro area,Euro,2006 (rolling),,"A simple multiplier is used to convert the national currencies of EMU members to euros. The following irrevocable euro conversion rate was adopted by the EU Council on January 1, 1999: 1 euro = 6.55957 French franc. Please note that historical data before 1999 are not actual euros and are not comparable or suitable for aggregation across countries.",,2000,1993,VAB,,2005,BPM5,,Special,Consolidated,SDDS,"ES/BS, 1994/95",Yes,1999-2000,2004,2008,2000,FR,FR,France,France
FRO,Faeroe Islands,High income: nonOECD,Europe & Central Asia,,,Danish krone,Register based,,,,,,VAB,,,BPM5,,General,,,,,,,2005,,FO,FO,Faeroe Islands,Faeroe Islands
FSM,Federated States of Micronesia,Lower middle income,East Asia & Pacific,IBRD,,U.S. dollar,2000,,The government statistical office has revised national accounts data for 1995-2008.,1998,,,VAB,,,,,,,,,,,,,,FM,FM,"Micronesia, Fed. Sts.",Micronesia
GAB,Gabonese Republic,Upper middle income,Sub-Saharan Africa,IBRD,,CFA franc,2003,"DHS, 2000",,1991,,,VAP,1993,2005,BPM5,Preliminary,Special,,GDDS,"CWIQ/ IHS, 2005",,1974-75,,2006,2000,GA,GA,Gabon,Gabon
GBR,United Kingdom of Great Britain and Northern Ireland,High income: OECD,Europe & Central Asia,,,Pound sterling,2001,,,2000,,1993,VAB,,2005,BPM5,,General,Consolidated,SDDS,"IS, 1999",Yes,1999-2000 (conducted annually),2004,2008,2000,GB,GB,United Kingdom,United Kingdom
GEO,Georgia,Lower middle income,Europe & Central Asia,Blend,,Georgian lari,2002,"MICS, 2005, RHS, 2005",,,1996,1993,VAB,1990-95,2005,BPM5,Actual,General,Consolidated,GDDS,"IHS, 2007",Yes,2004,2005,2008,2005,GE,GE,Georgia,Georgia
GHA,Republic of Ghana,Low income,Sub-Saharan Africa,IDA,HIPC,New Ghanaian cedi,2000,"DHS, 2008",,1975,,,VAP,1973-87,2005,BPM5,Actual,General,Budgetary,GDDS,"LSMS, 2006",,1984,2002,2008,2000,GH,GH,Ghana,Ghana
GIN,Republic of Guinea,Low income,Sub-Saharan Africa,IDA,HIPC,Guinean franc,1996,"DHS, 2005",,1996,,,VAB,,2005,BPM5,Estimate,Special,Consolidated,GDDS,"CWIQ/, 2003",,2000-2001,,2008,2000,GN,GN,Guinea,Guinea
GMB,Republic of The Gambia,Low income,Sub-Saharan Africa,IDA,HIPC,Gambian dalasi,2003,"MICS, 2005/06",Fiscal year end: June 30; reporting period for national accounts data: CY.,1987,,,VAB,,2005,BPM5,Estimate,General,Consolidated,GDDS,"IHS, 2003",,2001-2002,,2008,2000,GM,GM,"Gambia, The",The Gambia
GNB,Republic of Guinea-Bissau,Low income,Sub-Saharan Africa,IDA,HIPC,CFA franc,2009,"MICS, 2006",,1986,,,VAB,,2005,BPM5,Actual,General,,GDDS,"CWIQ, 2002",,1988,,2005,2000,GW,GW,Guinea-Bissau,Guinea-Bissau
GNQ,Republic of Equatorial Guinea,High income: nonOECD,Sub-Saharan Africa,IBRD,,CFA franc,2002,,,2000,,,VAB,1965-84,2005,,,,,,,,,,,2000,GQ,GQ,Equatorial Guinea,Equatorial Guinea
GRC,Hellenic Republic,High income: OECD,Europe & Central Asia,,Euro area,Euro,2001,,"A simple multiplier is used to convert the national currencies of EMU members to euros. The following irrevocable euro conversion rate was adopted by the EU Council on January 1, 1999: 1 euro = 340.75 Greek drachma. Please note that historical data before 1999 are not actual euros and are not comparable or suitable for aggregation across countries.",,2000,,VAB,,2005,BPM5,,Special,Consolidated,SDDS,"IHS, 2000",Yes,1999-2000,2003,2008,2000,GR,GR,Greece,Greece
GRD,Grenada,Upper middle income,Latin America & Caribbean,Blend,,East Caribbean dollar,2001,,,1990,,,VAB,,,BPM5,Actual,General,Budgetary,GDDS,,,,,2008,,GD,GD,Grenada,Grenada
GRL,Greenland,High income: nonOECD,Europe & Central Asia,,,Danish krone,Register based,,,,,,,,,,,General,,,,Yes,,,2007,,GL,GL,Greenland,Greenland
GTM,Republic of Guatemala,Lower middle income,Latin America & Caribbean,IBRD,,Guatemalan quetzal,2002,"RHS, 2002",The government has revised national accounts data to conform to the 1993 SNA methodology. The new base year is 2001.,2001,,1993,VAB,,,BPM5,Actual,Special,Budgetary,GDDS,"LSMS, 2006",Yes,2003,,2008,2000,GT,GT,Guatemala,Guatemala
GUM,Guam,High income: nonOECD,East Asia & Pacific,,,U.S. dollar,2000,,,,,,,,,,,,,,,Yes,,,,,GU,GU,Guam,Guam
GUY,Republic of Guyana,Lower middle income,Latin America & Caribbean,IDA,HIPC,Guyana dollar,2002,"MICS, 2006",,1988,,,VAB,,,BPM5,Actual,Special,,,"IHS, 1998",,,,2008,2000,GY,GY,Guyana,Guyana
HIC,High income,,,,,,,,"High income group aggregate. High-income economies are those in which 2009 GNI per capita was $12,196 or more.",,,,,,,,,,,,,,,,,,,,High income,High income
HKG,Hong Kong Special Administrative Region of the People's Republic of China,High income: nonOECD,East Asia & Pacific,,,Hong Kong dollar,2006,,"On 1 July 1997 China resumed its exercise of sovereignty over Hong Kong. Unless otherwise noted, data for China do not include data for Hong Kong SAR, China; Macao SAR, China; or Taiwan, China.",2006,,1993,VAB,,2005,BPM5,,General,Consolidated,SDDS,,Yes,,,2008,,HK,HK,"Hong Kong SAR, China","Hong Kong SAR, China"
HND,Republic of Honduras,Lower middle income,Latin America & Caribbean,IDA,HIPC,Honduran lempira,2001,"DHS, 2005/06",,2000,,1993,VAB,1988-89,,BPM5,Actual,Special,Budgetary,GDDS,"IHS, 2006",,1993,,2007,2000,HN,HN,Honduras,Honduras
HPC,Heavily indebted poor countries (HIPC),,,,,,,,Heavily indebted poor countries aggregate.,,,,,,,,,,,,,,,,,,,,Heavily indebted poor countries (HIPC),Heavily indebted poor countries (HIPC)
HRV,Republic of Croatia,High income: nonOECD,Europe & Central Asia,IBRD,,Croatian kuna,2001,,The Statistical Bureau has revised main GDP aggregates for 1995-2005.,,1997,1993,VAB,,2005,BPM5,,General,Consolidated,SDDS,"ES/BS, 2005",Yes,2003,,2008,,HR,HR,Croatia,Croatia
HTI,Republic of Haiti,Low income,Latin America & Caribbean,IDA,HIPC,Haitian gourde,2003,"DHS, 2005/06",Fiscal year end: September 30; reporting period for national accounts data: FY. The government has revised national accounts data following changes in the methodology. Current price series since 1991 and constant price series since 1996 have been revised. The new base year is 1986/87.,1986/1987,,,VAB,1991,,BPM5,Preliminary,General,,,"IHS, 2001",,1971,,1997,2000,HT,HT,Haiti,Haiti
HUN,Republic of Hungary,High income: OECD,Europe & Central Asia,,,Hungarian forint,2001,,,,2000,1993,VAB,,2005,BPM5,,Special,Consolidated,SDDS,"ES/BS, 2004",Yes,2000,2004,2008,2000,HU,HU,Hungary,Hungary
IDN,Republic of Indonesia,Lower middle income,East Asia & Pacific,IBRD,,Indonesian rupiah,2000,"DHS, 2007",Data for Indonesia include Timor-Leste through 1999 unless otherwise noted. Fiscal year end: March 31; reporting period for national accounts data: CY.,2000,,,VAP,,2005,BPM5,Actual,Special,Consolidated,SDDS,"IHS, 2007",,2003,2004,2008,2000,ID,ID,Indonesia,Indonesia
IMY,Isle of Man,High income: nonOECD,Europe & Central Asia,,,Manx pound,2006,,,2005,2003,,,,,,,,,,,Yes,,,,,IM,IM,Isle of Man,Isle of Man
IND,Republic of India,Lower middle income,South Asia,Blend,,Indian rupee,2001,"DHS, 2005/06",Fiscal year end: March 31; reporting period for national accounts data: FY.,1999/2000,,1993,VAB,,2005,BPM5,Actual,General,Consolidated,SDDS,"IHS, 2004/05",,1995-1996/2000-2001,2003,2008,2000,IN,IN,India,India
IRL,Ireland,High income: OECD,Europe & Central Asia,,Euro area,Euro,2006,,"A simple multiplier is used to convert the national currencies of EMU members to euros. The following irrevocable euro conversion rate was adopted by the EU Council on January 1, 1999: 1 euro = 0.787564 Irish pound. Please note that historical data before 1999 are not actual euros and are not comparable or suitable for aggregation across countries.",2000,,1993,VAB,,2005,BPM5,,General,Consolidated,SDDS,"IHS, 2000",Yes,2000,2004,2008,2000,IE,IE,Ireland,Ireland
IRN,Islamic Republic of Iran,Upper middle income,Middle East & North Africa,IBRD,,Iranian rial,2006,"DHS, 2000",Fiscal year end: March 20; reporting period for national accounts data: FY.,1997/1998,,,VAB,1980-02,2005,BPM5,Actual,General,Consolidated,,"ES/BS, 2005",Yes,2003,2004,2006,2004,IR,IR,"Iran, Islamic Rep.",Iran
IRQ,Republic of Iraq,Lower middle income,Middle East & North Africa,IBRD,,Iraqi dinar,1997,"MICS, 2006",,1997,,,VAB,"1997, 2004",2005,BPM5,,Special,,GDDS,,,1981,1996,2008,2000,IQ,IQ,Iraq,Iraq
ISL,Republic of Iceland,High income: OECD,Europe & Central Asia,,,Iceland krona,Register based,,,2000,,,VAB,,2005,BPM5,,General,Consolidated,SDDS,,Yes,,2004,2008,2000,IS,IS,Iceland,Iceland
ISR,State of Israel,High income: OECD,Middle East & North Africa,,,Israeli new shekel,2008,,,2005,,1993,VAP,,2005,BPM5,,Special,Consolidated,SDDS,"ES/BS, 2001",Yes,1981,2004,2008,2004,IL,IL,Israel,Israel
ITA,Italian Republic,High income: OECD,Europe & Central Asia,,Euro area,Euro,2001,,"A simple multiplier is used to convert the national currencies of EMU members to euros. The following irrevocable euro conversion rate was adopted by the EU Council on January 1, 1999: 1 euro = 1936.27 Italian lira. Please note that historical data before 1999 are not actual euros and are not comparable or suitable for aggregation across countries.",2000,,1993,VAB,,2005,BPM5,,Special,Consolidated,SDDS,"ES/BS, 2000",Yes,2000,2004,2008,2000,IT,IT,Italy,Italy
JAM,Jamaica,Upper middle income,Latin America & Caribbean,IBRD,,Jamaican dollar,2001,MICS 2005,,2003,,,VAB,,,BPM5,Actual,General,Consolidated,GDDS,"LSMS, 2004",,1996,,2008,2000,JM,JM,Jamaica,Jamaica
JOR,Hashemite Kingdom of Jordan,Lower middle income,Middle East & North Africa,IBRD,,Jordanian dinar,2004,"DHS, 2007",,1994,,,VAB,,2005,BPM5,Actual,General,Budgetary,SDDS,"ES/BS, 2006",,1997,2005,2008,2005,JO,JO,Jordan,Jordan
JPN,Japan,High income: OECD,East Asia & Pacific,,,Japanese yen,2005,,Fiscal year end: March 31; reporting period for national accounts data: CY.,2000,,,VAB,,2005,BPM5,,General,Consolidated,SDDS,"IS, 1993",Yes,2000,2004,2008,2000,JP,JP,Japan,Japan
KAZ,Republic of Kazakhstan,Upper middle income,Europe & Central Asia,IBRD,,Kazakh tenge,1999,"MICS, 2006",,,1995,1993,VAB,1987-95,2005,BPM5,Actual,General,Consolidated,SDDS,"ES/BS, 2007",Yes,,,2008,2000,KZ,KZ,Kazakhstan,Kazakhstan
KEN,Republic of Kenya,Low income,Sub-Saharan Africa,IDA,,Kenyan shilling,1999,"DHS, 2003, SPA, 2004",Fiscal year end: June 30; reporting period for national accounts data: CY.,2001,,1993,VAB,,2005,BPM5,Actual,General,Budgetary,GDDS,"IHS, 2005-06",,1977-1979,2005,2008,2003,KE,KE,Kenya,Kenya
KGZ,Kyrgyz Republic,Low income,Europe & Central Asia,IDA,HIPC,Kyrgyz som,2009,MICS 2005/06,,,1995,1993,VAB,1990-95,2005,BPM5,Actual,General,Consolidated,SDDS,"ES/BS, 2007",Yes,2002,2004,2007,2000,KG,KG,Kyrgyz Republic,Kyrgyz Republic
KHM,Kingdom of Cambodia,Low income,East Asia & Pacific,IDA,,Cambodian riel,2008,"DHS, 2005",,2000,,,VAB,,2005,BPM5,Actual,General,Consolidated,GDDS,"IHS, 2007",,,1999,2004,2000,KH,KH,Cambodia,Cambodia
KIR,Republic of Kiribati,Lower middle income,East Asia & Pacific,IDA,,Australian dollar,2005,,The government statistical office has revised national accounts data for 1970-2008.,1991,,,VAB,,,,,General,,GDDS,,,,,2005,,KI,KI,Kiribati,Kiribati
KNA,St. Kitts and Nevis,Upper middle income,Latin America & Caribbean,IBRD,,East Caribbean dollar,2001,,,1990,,1993,VAB,,,BPM5,Preliminary,General,Consolidated,GDDS,,,,,2007,,KN,KN,St. Kitts and Nevis,St. Kitts and Nevis
KOR,Republic of Korea,High income: OECD,East Asia & Pacific,IBRD,,Korean won,2005,,,2000,,1993,VAB,,2005,BPM5,,Special,Consolidated,SDDS,"ES/BS, 1998",Yes,2000,2005,2008,2000,KR,KR,"Korea, Rep.",Korea
KSV,Republic of Kosovo,Lower middle income,Europe & Central Asia,IDA,,Euro,1981,,"Kosovo became a World Bank member on June 29, 2009. Since 1999, Kosovo has been a territory under international administration pursuant to UN Security Council Resolution 1244 (1999).",,,,,,,,,,,,,,,,,,,KV,Kosovo,Kosovo
KWT,State of Kuwait,High income: nonOECD,Middle East & North Africa,,,Kuwaiti dinar,2005,"FHS, 1996",Fiscal year end: June 30; reporting period for national accounts data: CY.,1995,,,VAP,,2005,BPM5,,Special,Consolidated,GDDS,,Yes,1970,,2007,2002,KW,KW,Kuwait,Kuwait
LAC,Latin America & Caribbean (developing only),,,,,,,,Latin America and Caribbean regional aggregate (does not include high-income economies).,,,,,,,,,,,,,,,,,,,,Latin America & Caribbean,Latin America & Caribbean (developing only)
LAO,Lao People's Democratic Republic,Low income,East Asia & Pacific,IDA,,Lao kip,2005,"MICS, 2006",,1990,,,VAB,,2005,BPM5,Preliminary,General,,,"ES/BS, 2002-03",,1998-1999,1998,1975,2000,LA,LA,Lao PDR,Lao PDR
LBN,Lebanese Republic,Upper middle income,Middle East & North Africa,IBRD,,Lebanese pound,1970,"MICS, 2000",The government has revised national accounts data for 1997-2007. The new base year is 1997.,1997,,,VAB,,2005,BPM5,Actual,General,Budgetary,GDDS,,,1998-1999,1997,2008,2005,LB,LB,Lebanon,Lebanon
LBR,Republic of Liberia,Low income,Sub-Saharan Africa,IDA,HIPC,Liberian dollar,2008,"DHS, 2007, MIS, 2008/09",,1992,,,VAP,,2005,BPM5,Estimate,,,GDDS,CWIQ 2007,,,,1985,2000,LR,LR,Liberia,Liberia
LBY,Socialist People's Libyan Arab Jamahiriya,Upper middle income,Middle East & North Africa,IBRD,,Libyan dinar,1995,"MICS, 2000",,1999,,,VAB,1986,,BPM5,,General,,GDDS,,,2001,,2004,2000,LY,LY,Libya,Libya
LCA,St. Lucia,Upper middle income,Latin America & Caribbean,Blend,,East Caribbean dollar,2001,,The government has revised national accounts data for 1998-2008.,1990,,,VAB,,,BPM5,Actual,General,,GDDS,"IHS, 1995",Yes,,,2008,,LC,LC,St. Lucia,St. Lucia
LCN,Latin America & Caribbean (all income levels),,,,,,,,Latin America and Caribbean regional aggregate (including high-income economies).,,,,,,,,,,,,,,,,,,,,Latin America & Caribbean (all income levels),Latin America & Caribbean (all income levels)
LDC,Least developed countries: UN classification,,,,,,,,Least developed countries (UN classification) aggregate.,,,,,,,,,,,,,,,,,,,,Least developed countries: UN classification,Least developed countries: UN classification
LIC,Low income,,,,,,,,Low income group aggregate. Low-income economies are those in which 2009 GNI per capita was $995 or less.,,,,,,,,,,,,,,,,,,,,Low income,Low income
LIE,Principality of Liechtenstein,High income: nonOECD,Europe & Central Asia,,,Swiss franc,2000,,,,,,VAB,,,,,Special,,,,Yes,,,,,LI,LI,Liechtenstein,Liechtenstein
LKA,Democratic Socialist Republic of Sri Lanka,Lower middle income,South Asia,IDA,,Sri Lankan rupee,2001,"DHS, 1987",,2002,,,VAP,,2005,BPM5,Actual,General,Budgetary,GDDS,"ES/BS, 2002",Yes,2002,2005,2008,2000,LK,LK,Sri Lanka,Sri Lanka
LMC,Lower middle income,,,,,,,,"Lower middle income group aggregate. Lower-middle-income economies are those in which 2009 GNI per capita was between $996 and $3,945.",,,,,,,,,,,,,,,,,,,,Lower middle income,Lower middle income
LMY,Low & middle income,,,,,,,,"Low and middle income group aggregate (all developing economies). Low- and middle-income economies are those in which 2009 GNI per capita was $12,195 or less.",,,,,,,,,,,,,,,,,,,,Low & middle income,Low & middle income
LSO,Kingdom of Lesotho,Lower middle income,Sub-Saharan Africa,IDA,,Lesotho loti,2006,"DHS, 2004",Fiscal year end: March 31; reporting period for national accounts data: CY.,1995,,1993,VAB,,2005,BPM5,Actual,General,Consolidated,GDDS,"ES/BS, 2002-03",,1999-2000,,2004,2000,LS,LS,Lesotho,Lesotho
LTU,Republic of Lithuania,Upper middle income,Europe & Central Asia,,,Lithuanian litas,2001,,,2000,,1993,VAB,1990-95,2005,BPM5,Actual,General,Consolidated,SDDS,"ES/BS, 2004",Yes,2003,2005,2008,2000,LT,LT,Lithuania,Lithuania
LUX,Grand Duchy of Luxembourg,High income: OECD,Europe & Central Asia,,Euro area,Euro,2001,,"A simple multiplier is used to convert the national currencies of EMU members to euros. The following irrevocable euro conversion rate was adopted by the EU Council on January 1, 1999: 1 euro = 40.3399 Luxembourg franc. Please note that historical data before 1999 are not actual euros and are not comparable or suitable for aggregation across countries.",,2000,,VAB,,2005,BPM5,,Special,Consolidated,SDDS,,Yes,1999-2000 (conducted annually),2004,2008,,LU,LU,Luxembourg,Luxembourg
LVA,Republic of Latvia,High income: nonOECD,Europe & Central Asia,,,Latvian lats,2000,,,2000,,1993,VAB,1987-95,2005,BPM5,Actual,Special,Consolidated,SDDS,"IHS, 2007",Yes,2001,2005,2008,2000,LV,LV,Latvia,Latvia
MAC,Macao Special Administrative Region of the People's Republic of China,High income: nonOECD,East Asia & Pacific,,,Macao pataca,2006,,"On 20 December 1999 China resumed its exercise of sovereignty over Macao. Unless otherwise noted, data for China do not include data for Hong Kong SAR, China; Macao SAR, China; or Taiwan, China.",2002,,,VAB,,2005,BPM5,,General,Consolidated,GDDS,,Yes,,,2008,,MO,MO,"Macao SAR, China","Macao SAR, China"
MAR,Kingdom of Morocco,Lower middle income,Middle East & North Africa,IBRD,,Moroccan dirham,2004,"MICS, 2006",,1998,,,VAB,,2005,BPM5,Actual,Special,Consolidated,SDDS,"ES/BS, 2007",,1996,2005,2008,2000,MA,MA,Morocco,Morocco
MCO,Principality of Monaco,High income: nonOECD,Europe & Central Asia,,,Euro,2008,,,,,,,,,,,,,,,,,,,,MC,MC,Monaco,Monaco
MDA,Republic of Moldova,Lower middle income,Europe & Central Asia,IDA,,Moldovan leu,2004,"DHS, 2005",,,1996,1993,VAB,1990-95,2005,BPM5,Actual,General,Consolidated,SDDS,"ES/BS, 2007",Yes,,2004,2008,2000,MD,MD,Moldova,Moldova
MDG,Republic of Madagascar,Low income,Sub-Saharan Africa,IDA,HIPC,Malagasy ariary,1993,"DHS, 2003/04",,1984,,,VAB,,2005,BPM5,Actual,Special,Consolidated,GDDS,PS 2005,,2004,2005,2008,2000,MG,MG,Madagascar,Madagascar
MDV,Republic of Maldives,Lower middle income,South Asia,IDA,,Maldivian rufiyaa,2006,"MICS, 2001",National accounts data for 2001-08 have been revised to reflect a change in source from the Asian Development Bank to the Maldives Planning Department.,1995,,,VAB,,2005,BPM5,Actual,General,Consolidated,,,Yes,,,2008,,MV,MV,Maldives,Maldives
MEA,Middle East & North Africa (all income levels),,,,,,,,Middle East and North Africa regional aggregate (including high-income economies).,,,,,,,,,,,,,,,,,,,,Middle East & North Africa (all income levels),Middle East & North Africa (all income levels)
MEX,United Mexican States,Upper middle income,Latin America & Caribbean,IBRD,,Mexican peso,2005,"ENPF, 1995",,2003,,1993,VAB,,2005,BPM5,Actual,General,Consolidated,SDDS,"LFS, 2008",,1991,1999,2008,2000,MX,MX,Mexico,Mexico
MHL,Republic of the Marshall Islands,Lower middle income,East Asia & Pacific,IBRD,,U.S. dollar,1999,,,1991,,,VAB,,,,,,,,,,,,,,MH,MH,Marshall Islands,Marshall Islands
MIC,Middle income,,,,,,,,"Middle income group aggregate. Middle-income economies are those in which 2009 GNI per capita was between $996 and $12,195.",,,,,,,,,,,,,,,,,,,,Middle income,Middle income
MKD,Former Yugoslav Republic of Macedonia,Upper middle income,Europe & Central Asia,IBRD,,Macedonian denar,2002,"MICS, 2005",,1997,1995,1993,VAB,,2005,BPM5,Actual,General,,GDDS,"ES/BS, 2006",Yes,1994,2000,2008,,MK,MK,"Macedonia, FYR",Macedonia
MLI,Republic of Mali,Low income,Sub-Saharan Africa,IDA,HIPC,CFA franc,1998,"DHS, 2006",,1987,,,VAB,,2005,BPM4,Actual,General,Budgetary,GDDS,"IHS, 2006",,1984,,2008,2000,ML,ML,Mali,Mali
MLT,Republic of Malta,High income: nonOECD,Middle East & North Africa,,Euro area,Euro (data reported in Maltese liri),2005,,,1973,,,VAB,,2005,BPM5,,General,Consolidated,SDDS,,Yes,2001,2004,2008,2000,MT,MT,Malta,Malta
MMR,Union of Myanmar,Low income,East Asia & Pacific,IDA,,Myanmar kyat,1983,"MICS, 2000",Fiscal year end: March 31; reporting period for national accounts data: FY.,1985/1986,,,VAP,,,BPM5,Estimate,General,Consolidated,,,,2003,,2001,2000,MM,MM,Myanmar,Myanmar
MNA,Middle East & North Africa (developing only),,,,,,,,Middle East and North Africa regional aggregate (does not include high-income economies).,,,,,,,,,,,,,,,,,,,,Middle East & North Africa,Middle East & North Africa (developing only)
MNE,Montenegro,Upper middle income,Europe & Central Asia,IBRD,,Euro,2003,"MICS, 2005/06","Montenegro declared independence from Serbia and Montenegro on June 3, 2006. Where available, data for each country are shown separately. However, for Serbia, some indicators continue to include data for Montenegro through 2005.",2000,,1993,VAB,,2005,,Actual,,,,ES/BS 2007,Yes,,,,,ME,ME,Montenegro,Montenegro
MNG,Mongolia,Lower middle income,East Asia & Pacific,IDA,,Mongolian tugrik,2000,"MICS, 2005",,2005,,1993,VAB,,2005,BPM5,Estimate,Special,Consolidated,GDDS,"LSMS, 2006-08",Yes,,1999,2007,2000,MN,MN,Mongolia,Mongolia
MNP,Commonwealth of the Northern Mariana Islands,High income: nonOECD,East Asia & Pacific,,,U.S. dollar,2000,,,,,,,,,,,,,,,,,,,,MP,MP,Northern Mariana Islands,Northern Mariana Islands
MOZ,Republic of Mozambique,Low income,Sub-Saharan Africa,IDA,HIPC,New Mozambican metical,2007,"DHS, 2003",,2003,,,VAB,1992-95,2005,BPM5,Actual,Special,,GDDS,"ES/BS, 2002/03",,1999-2000,,2008,2000,MZ,MZ,Mozambique,Mozambique
MRT,Islamic Republic of Mauritania,Low income,Sub-Saharan Africa,IDA,HIPC,Mauritanian ouguiya,2000,"MICS, 2007",,1998,,,VAB,,2005,BPM4,Actual,General,,GDDS,"IHS, 2000",,1984-1985,,2008,2000,MR,MR,Mauritania,Mauritania
MUS,Republic of Mauritius,Upper middle income,Sub-Saharan Africa,IBRD,,Mauritian rupee,2000,,National accounts now reflect fiscal year data rather than calendar year data. The new base year is 2006.,2006,,,VAB,,2005,BPM5,Actual,General,Consolidated,GDDS,,Yes,,2003,2008,2003,MU,MU,Mauritius,Mauritius
MWI,Republic of Malawi,Low income,Sub-Saharan Africa,IDA,HIPC,Malawi kwacha,2008,MICS 2006,Fiscal year end: March 31; reporting period for national accounts data: CY.,1994,,,VAB,,2005,BPM5,Actual,General,,GDDS,"LSMS, 2004-05",,1993,2000,2008,2000,MW,MW,Malawi,Malawi
MYS,Malaysia,Upper middle income,East Asia & Pacific,IBRD,,Malaysian ringgit,2000,,,2000,,,VAP,,2005,BPM5,Estimate,General,Consolidated,SDDS,"ES/BS, 2004",Yes,,2004,2008,2000,MY,MY,Malaysia,Malaysia
NAC,North America,,,,,,,,North America regional aggregate. There are no economies in North America classified as low or middle income.,,,,,,,,,,,,,,,,,,,,North America,North America
NAM,Republic of Namibia,Upper middle income,Sub-Saharan Africa,IBRD,,Namibian dollar,2001,"DHS, 2006/07",Fiscal year end: March 31; reporting period for national accounts data: CY. The government has revised national accounts data since 2000. The new base year is 2004/05.,2004/2005,,1993,VAB,,2005,BPM5,,General,Budgetary,GDDS,"ES/BS, 1993/94",,1996-1997,,2008,2000,NA,NA,Namibia,Namibia
NCL,New Caledonia,High income: nonOECD,East Asia & Pacific,,,CFP franc,2009,,,,,,,,,,,Special,,,,Yes,,,2008,,NC,NC,New Caledonia,New Caledonia
NER,Republic of Niger,Low income,Sub-Saharan Africa,IDA,HIPC,CFA franc,2001,"DHS/MICS, 2006",,1987,,,VAP,1993,2005,BPM5,Preliminary,Special,,GDDS,QWIC/PS 2005,,1980,,2008,2000,NE,NE,Niger,Niger
NGA,Federal Republic of Nigeria,Lower middle income,Sub-Saharan Africa,IDA,,Nigerian naira,2006,"DHS, 2008",,2002,,,VAB,1971-98,2005,BPM5,Preliminary,General,,GDDS,"IHS, 2003-04",,1960,,2008,2000,NG,NG,Nigeria,Nigeria
NIC,Republic of Nicaragua,Lower middle income,Latin America & Caribbean,IDA,HIPC,Nicaraguan gold cordoba,2005,"RHS, 2006/07",,1994,,1993,VAB,1965-95,,BPM5,Actual,Special,Budgetary,GDDS,"LSMS, 2005",,2001,,2007,2000,NI,NI,Nicaragua,Nicaragua
NLD,Kingdom of the Netherlands,High income: OECD,Europe & Central Asia,,Euro area,Euro,2001,,"A simple multiplier is used to convert the national currencies of EMU members to euros. The following irrevocable euro conversion rate was adopted by the EU Council on January 1, 1999: 1 euro = 2.20371 Netherlands guilder. Please note that historical data before 1999 are not actual euros and are not comparable or suitable for aggregation across countries.",,2000,1993,VAB,,2005,BPM5,,Special,Consolidated,SDDS,"IHS, 1999",Yes,1999-2000 (conducted annually),2004,2008,,NL,NL,Netherlands,Netherlands
NOC,High income: nonOECD,,,,,,,,"High income nonOECD aggregate. High-income economies are those in which 2009 GNI per capita was $12,196 or more.",,,,,,,,,,,,,,,,,,,,High income: nonOECD,High income: nonOECD
NOR,Kingdom of Norway,High income: OECD,Europe & Central Asia,,,Norwegian krone,2001,,,,2000,1993,VAB,,2005,BPM5,,General,Consolidated,SDDS,"IS, 2000",Yes,1999,2003,2008,2000,NO,NO,Norway,Norway
NPL,Nepal,Low income,South Asia,IDA,,Nepalese rupee,2001,"DHS, 2006",Fiscal year end: July 14; reporting period for national accounts data: FY.,2000/2001,,,VAB,,2005,BPM5,Actual,Special,Consolidated,GDDS,"LSMS, 2003/04",,2002,2001,2002,2000,NP,NP,Nepal,Nepal
NZL,New Zealand,High income: OECD,East Asia & Pacific,,,New Zealand dollar,2006,,Fiscal year end: March 31; reporting period for national accounts data: FY.,2000/2001,,,VAB,,2005,BPM5,,General,Consolidated,,"IS, 1997",Yes,2002,2003,2008,2000,NZ,NZ,New Zealand,New Zealand
OEC,High income: OECD,,,,,,,,"High income OECD member aggregate. High-income economies are those in which 2009 GNI per capita was $12,196 or more.",,,,,,,,,,,,,,,,,,,,High income: OECD,High income: OECD
OMN,Sultanate of Oman,High income: nonOECD,Middle East & North Africa,,,Rial Omani,2003,"FHS, 1995",,1988,,,VAP,,2005,BPM5,,General,Budgetary,GDDS,,,1978-1979,2005,2008,2003,OM,OM,Oman,Oman
PAK,Islamic Republic of Pakistan,Lower middle income,South Asia,Blend,,Pakistani rupee,1998,"DHS, 2006/07",Fiscal year end: June 30; reporting period for national accounts data: FY.,1999/2000,,1993,VAB,,2005,BPM5,Actual,General,Consolidated,GDDS,"LSMS, 2004/05",,2000,,2008,2000,PK,PK,Pakistan,Pakistan
PAN,Republic of Panama,Upper middle income,Latin America & Caribbean,IBRD,,Panamanian balboa,2000,"LSMS, 2003",,1996,,1993,VAB,,,BPM5,Actual,Special,Consolidated,GDDS,"LFS, 2006",,2001,2000,2008,2000,PA,PA,Panama,Panama
PER,Republic of Peru,Upper middle income,Latin America & Caribbean,IBRD,,Peruvian new sol,2007,"DHS, 2007/08",,1994,,,VAB,1985-90,2005,BPM5,Actual,Special,Consolidated,SDDS,"LSMS, 2007",,1994,2006,2008,2000,PE,PE,Peru,Peru
PHL,Republic of the Philippines,Lower middle income,East Asia & Pacific,IBRD,,Philippine peso,2007,"DHS, 2008",,1985,,,VAP,,2005,BPM5,Actual,General,Budgetary,SDDS,"ES/BS, 2006",Yes,2002,2004,2008,2000,PH,PH,Philippines,Philippines
PLW,Republic of Palau,Upper middle income,East Asia & Pacific,IBRD,,U.S. dollar,2005,,,1995,,,VAB,,,,,,,,,Yes,,,,,PW,PW,Palau,Palau
PNG,The Independent State of Papua New Guinea,Lower middle income,East Asia & Pacific,Blend,,Papua New Guinea kina,2000,"DHS, 1996",,1998,,,VAB,1989,,BPM5,Actual,General,Budgetary,,"IHS, 1996",,,,2004,2000,PG,PG,Papua New Guinea,Papua New Guinea
POL,Republic of Poland,High income: OECD,Europe & Central Asia,IBRD,,Polish zloty,2002,,,,2002,1993,VAB,,2005,BPM5,Actual,Special,Consolidated,SDDS,"ES/BS, 2005",Yes,1996/2002,2004,2008,2000,PL,PL,Poland,Poland
PRI,Puerto Rico,High income: nonOECD,Latin America & Caribbean,,,U.S. dollar,2000,"RHS, 1995/96",Fiscal year end: June 30; reporting period for national accounts data: FY.,1954,,,VAP,,,,,General,,,,Yes,1997/2002,,,,PR,PR,Puerto Rico,Puerto Rico
PRK,Democratic People's Republic of Korea,Low income,East Asia & Pacific,,,Democratic People's Republic of Korean won,2008,"MICS, 2000",,,,,,,,BPM5,,,,,,,,,,2000,KP,KP,"Korea, Dem. Rep.",Dem. Rep. Korea
PRT,Portuguese Republic,High income: OECD,Europe & Central Asia,,Euro area,Euro,2001,,"A simple multiplier is used to convert the national currencies of EMU members to euros. The following irrevocable euro conversion rate was adopted by the EU Council on January 1, 1999: 1 euro = 200.482 Portuguese escudo. Please note that historical data before 1999 are not actual euros and are not comparable or suitable for aggregation across countries.",2000,,1993,VAB,,2005,BPM5,,Special,Consolidated,SDDS,"IS, 1997",Yes,1999,2004,2008,2000,PT,PT,Portugal,Portugal
PRY,Republic of Paraguay,Lower middle income,Latin America & Caribbean,IBRD,,Paraguayan guarani,2002,"RHS, 2004",,1994,,,VAP,,2005,BPM5,Actual,Special,Consolidated,GDDS,"IHS, 2007",,1991,,2008,2000,PY,PY,Paraguay,Paraguay
PYF,French Polynesia,High income: nonOECD,East Asia & Pacific,,,CFP franc,2007,,,,,,,,,,,General,,,,Yes,,,2008,,PF,PF,French Polynesia,French Polynesia
QAT,State of Qatar,High income: nonOECD,Middle East & North Africa,,,Qatari riyal,2004,,,2001,,,VAP,,2005,,,General,Budgetary,GDDS,,Yes,2000-2001,2005,2008,2005,QA,QA,Qatar,Qatar
ROM,Romania,Upper middle income,Europe & Central Asia,IBRD,,New Romanian leu,2002,"RHS, 1999",,,2005,1993,VAB,"1987-89, 1992",2005,BPM5,Actual,Special,Consolidated,SDDS,"LFS, 2007",Yes,2002,2005,2008,2000,RO,RO,Romania,Romania
RUS,Russian Federation,Upper middle income,Europe & Central Asia,IBRD,,Russian ruble,2002,"RHS, 1996",,2000,,1993,VAB,1987-95,2005,BPM5,Preliminary,General,Consolidated,SDDS,"IHS, 2007",Yes,1994-95,2005,2008,2000,RU,RU,Russian Federation,Russia
RWA,Republic of Rwanda,Low income,Sub-Saharan Africa,IDA,HIPC,Rwandan franc,2002,"DHS, 2007/08",,1995,,,VAP,1994,2005,BPM5,Estimate,General,Consolidated,GDDS,"IHS, 2000",,1984,1998,2008,2000,RW,RW,Rwanda,Rwanda
SAS,South Asia,,,,,,,,South Asia regional aggregate. There are no economies in South Asia classified as high income.,,,,,,,,,,,,,,,,,,,,South Asia,South Asia
SAU,Kingdom of Saudi Arabia,High income: nonOECD,Middle East & North Africa,,,Saudi Arabian riyal,2004,"Demographic survey, 2007",,1999,,,VAP,,2005,BPM4,,General,,GDDS,,,1999,2005,2007,2006,SA,SA,Saudi Arabia,Saudi Arabia
SDN,Republic of the Sudan,Lower middle income,Sub-Saharan Africa,IDA,HIPC,Sudanese pound,2008,MICS-PAPFAM 2006,,1981/82 (Reporting period switch from fiscal year to calendar year from 1996. Pre-1996 data converted to calendar year.),1996,,VAB,,2005,BPM5,Actual,General,Budgetary,GDDS,,,,2000,2008,2000,SD,SD,Sudan,Sudan
SEN,Republic of Senegal,Lower middle income,Sub-Saharan Africa,IDA,HIPC,CFA franc,2002,"DHS, 2005, MIS, 2008-09",,1999,1987,1993,VAB,,2005,BPM5,Actual,Special,Budgetary,GDDS,PS 2005,,1998-1999,2001,2008,2002,SN,SN,Senegal,Senegal
SGP,Republic of Singapore,High income: nonOECD,East Asia & Pacific,,,Singapore dollar,2000,"General  household, 2005",Fiscal year end: March 31; reporting period for national accounts data: CY.,2000,,1993,VAB,,2005,BPM5,,General,Consolidated,SDDS,,Yes,,2005,2008,,SG,SG,Singapore,Singapore
SLB,Solomon Islands,Low income,East Asia & Pacific,IDA,,Solomon Islands dollar,1999,,,2004,,,VAB,,,BPM5,Actual,,,,,,,,2007,,SB,SB,Solomon Islands,Solomon Islands
SLE,Republic of Sierra Leone,Low income,Sub-Saharan Africa,IDA,HIPC,Sierra Leonean leone,2004,DHS 2008,Fiscal year end: June 30; reporting period for national accounts data: CY.,1990,,1993,VAB,,2005,BPM5,Preliminary,Special,Budgetary,GDDS,"IHS, 2003",,1984-1985,,2002,2000,SL,SL,Sierra Leone,Sierra Leone
SLV,Republic of El Salvador,Lower middle income,Latin America & Caribbean,IBRD,,U.S. dollar,2007,"RHS, 2008",,1990,,,VAB,,,BPM5,Actual,Special,Consolidated,SDDS,"IHS, 2007",Yes,1970-71,,2008,2000,SV,SV,El Salvador,El Salvador
SMR,Republic of San Marino,High income: nonOECD,Europe & Central Asia,,,Euro,Register based,,,1995,2000,1993,VAB,,,,,Special,Consolidated,GDDS,,Yes,,,,,SM,SM,San Marino,San Marino
SOM,Somali Democratic Republic,Low income,Sub-Saharan Africa,IDA,HIPC,Somali shilling,1987,"MICS, 2006",,1985,,,VAB,1977-90,,,Estimate,,,,,,,,1982,2003,SO,SO,Somalia,Somalia
SRB,Republic of Serbia,Upper middle income,Europe & Central Asia,IBRD,,Serbian dinar,2002,"MICS, 2005-06","Montenegro declared independence from Serbia and Montenegro on June 3, 2006. Where available, data for each country are shown separately. However, for Serbia, some indicators, such as those series for which data appear only for Serbia and not Montenegro--e.g., aid, environment, external debt, balance of payments, various social indicators excluding population--continue to include data for Montenegro through 2005. Moreover, data from 1999 onward for Serbia for most indicators exclude data for Kosovo, 1999 being the year when Kosovo became a territory under international administration pursuant to UN Security Council Resolution 1244 (1999); any exceptions are noted. Kosovo became a World Bank member on June 29, 2009; available data are shown separately for Kosovo. The Statistical Bureau of Serbia has revised current and constant GDP for 1997-2006.",,2002,1993,VAB,,2005,,Actual,Special,Consolidated,GDDS,,Yes,,,2008,,RS,YF,Serbia,Serbia
SSA,Sub-Saharan Africa (developing only),,,,,,,,Sub-Saharan Africa regional aggregate (does not include high-income economies).,,,,,,,,,,,,,,,,,,,,Sub-Saharan Africa,Sub-Saharan Africa (developing only)
SSF,Sub-Saharan Africa (all income levels),,,,,,,,Sub-Saharan Africa regional aggregate (including high-income economies).,,,,,,,,,,,,,,,,,,,,Sub-Saharan Africa (all income levels),Sub-Saharan Africa (all income levels)
STP,Democratic Republic of São Tomé and Principe,Lower middle income,Sub-Saharan Africa,IDA,HIPC,São Tomé and Principe dobra,2001,,,2001,,,VAP,,2005,,Preliminary,Special,,GDDS,PS 2000-01,,,,2008,,ST,ST,São Tomé and Principe,São Tomé and Principe
SUR,Republic of Suriname,Upper middle income,Latin America & Caribbean,IBRD,,Suriname dollar,2004,"MICS, 2000",,1990,,1993,VAB,,,BPM5,,General,,GDDS,"ES/BS, 1999",Yes,,,2008,2000,SR,SR,Suriname,Suriname
SVK,Slovak Republic,High income: OECD,Europe & Central Asia,,Euro area,Euro,2001,,"A simple multiplier is used to convert the national currencies of EMU members to euros. The following irrevocable euro conversion rate entered into force on January 1, 2009: 1 euro = 30.126 Slovak koruna. Please note that historical data are not actual euros and are not comparable or suitable for aggregation across countries.",2000,1995,1993,VAB,,2005,BPM5,,General,Consolidated,SDDS,"IS, 1996",Yes,2001,2004,2008,,SK,SK,Slovak Republic,Slovak Republic
SVN,Republic of Slovenia,High income: OECD,Europe & Central Asia,,Euro area,Euro,2002,,"A simple multiplier is used to convert the national currencies of EMU members to euros. The following irrevocable euro conversion rate entered into force on January 1, 2007: 1 euro = 239.64 Slovenian tolar. Please note that historical data are not actual euros and are not comparable or suitable for aggregation across countries.",,2000,1993,VAB,,2005,BPM5,,Special,Consolidated,SDDS,"ES/BS, 2004",Yes,2000,2005,2008,,SI,SI,Slovenia,Slovenia
SWE,Kingdom of Sweden,High income: OECD,Europe & Central Asia,,,Swedish krona,Register based,,Fiscal year end: June 30; reporting period for national accounts data: CY.,,2000,,VAB,,2005,BPM5,,General,Consolidated,SDDS,"IS, 2000",Yes,1999-2000,2004,2008,2000,SE,SE,Sweden,Sweden
SWZ,Kingdom of Swaziland,Lower middle income,Sub-Saharan Africa,IBRD,,Swaziland lilangeni,2007,"DHS, 2006/07",Fiscal year end: March 31; reporting period for national accounts data: CY.,2000,,,VAB,,2005,,Preliminary,General,Consolidated,GDDS,"ES/BS, 2000/01",,2003,,2007,2000,SZ,SZ,Swaziland,Swaziland
SYC,Republic of Seychelles,Upper middle income,Sub-Saharan Africa,IBRD,,Seychelles rupee,2002,,,1986,,,VAP,,,BPM5,Actual,General,Consolidated,SDDS,,Yes,1998,,2008,2003,SC,SC,Seychelles,Seychelles
SYR,Syrian Arab Republic,Lower middle income,Middle East & North Africa,IBRD,,Syrian pound,2004,"MICS, 2006",,2000,,,VAB,1970-08,2005,BPM5,,Special,Consolidated,GDDS,,,1981,,2007,2003,SY,SY,Syrian Arab Republic,Syrian Arab Republic
TCA,Turks and Caicos Islands,High income: nonOECD,Latin America & Caribbean,,,U.S. dollar,,,,,,,,,,,,,,,,,,,,,TC,TC,Turks and Caicos Islands,Turks and Caicos Islands
TCD,Republic of Chad,Low income,Sub-Saharan Africa,IDA,HIPC,CFA franc,1993,"DHS, 2004",,1995,,1993,VAB,,2005,BPM5,Actual,Special,,GDDS,"PS, 2002-03",,,,1996,2000,TD,TD,Chad,Chad
TGO,Republic of Togo,Low income,Sub-Saharan Africa,IDA,HIPC,CFA franc,1981,"MICS, 2006",,1978,,,VAP,,2005,BPM5,Actual,Special,Budgetary,GDDS,"CWIQ, 2006",,1996,,2007,2002,TG,TG,Togo,Togo
THA,Kingdom of Thailand,Lower middle income,East Asia & Pacific,IBRD,,Thai baht,2000,MICS 2005/06,Fiscal year end: September 30; reporting period for national accounts data: CY.,1988,,,VAP,,2005,BPM5,Estimate,General,Consolidated,SDDS,"IHS, 2004",,2003,1999,2008,2000,TH,TH,Thailand,Thailand
TJK,Republic of Tajikistan,Low income,Europe & Central Asia,IDA,,Tajik somoni,2000,"MICS, 2005",,,2000,1993,VAB,1990-95,2005,BPM5,Preliminary,General,Consolidated,GDDS,"LSMS, 2004",,1994,,2000,2000,TJ,TJ,Tajikistan,Tajikistan
TKM,Turkmenistan,Lower middle income,Europe & Central Asia,IBRD,,New Turkmen manat,1995,"MICS,2006","On January 1, 2009, the Turkmen manat was redenominated (1 new manat = 5,000 old manats).",,2007,1993,VAB,"1987-95, 1997-07",,BPM5,Estimate,General,,,"LSMS, 1998",Yes,,,2000,2000,TM,TM,Turkmenistan,Turkmenistan
TMP,Democratic Republic of Timor-Leste,Lower middle income,East Asia & Pacific,IDA,,U.S. dollar,2004,"DGHS, 2003",,2000,,,VAP,,,,,,,,"LSMS, 2007",,,,2005,,TL,TP,Timor-Leste,Timor-Leste
TON,Kingdom of Tonga,Lower middle income,East Asia & Pacific,IDA,,Tongan pa'anga,2006,,,2000/2001,,,VAB,,,BPM5,Actual,,,GDDS,,Yes,2001,,2007,,TO,TO,Tonga,Tonga
TTO,Republic of Trinidad and Tobago,High income: nonOECD,Latin America & Caribbean,IBRD,,Trinidad and Tobago dollar,2000,"MICS, 2006",,2000,,1993,VAB,,,BPM5,,Special,Consolidated,GDDS,"IHS, 1992",Yes,2004,2005,2008,2000,TT,TT,Trinidad and Tobago,Trinidad and Tobago
TUN,Republic of Tunisia,Lower middle income,Middle East & North Africa,IBRD,,Tunisian dinar,2004,"MICS, 2006",,1990,,,VAP,,2005,BPM5,Actual,General,Consolidated,SDDS,"IHS, 2000",,2004,,2008,2000,TN,TN,Tunisia,Tunisia
TUR,Republic of Turkey,Upper middle income,Europe & Central Asia,IBRD,,New Turkish lira,2000,"DHS, 2003",,1998,,,VAB,,2005,BPM5,Actual,Special,Budgetary,SDDS,"LFS, 2006",,2001,2000,2008,2003,TR,TR,Turkey,Turkey
TUV,Tuvalu,Lower middle income,East Asia & Pacific,,,Australian dollar,,,,,,,,,,,,,,,,,,,,,TV,TV,Tuvalu,Tuvalu
TZA,United Republic of Tanzania,Low income,Sub-Saharan Africa,IDA,HIPC,Tanzanian shilling,2002,"DHS, 2004/05, AIS, 2007/08",,1992,,,VAB,,2005,BPM5,Actual,Special,,GDDS,"ES/BS, 2000/01",,2002-2003,,2007,2002,TZ,TZ,Tanzania,Tanzania
UGA,Republic of Uganda,Low income,Sub-Saharan Africa,IDA,HIPC,Ugandan shilling,2002,"DHS, 2006, SPA, 2007",Fiscal year end: June 30; reporting period for national accounts data: FY.,2001/2002,,,VAB,,2005,BPM5,Actual,General,Budgetary,GDDS,"PS, 2005",,1991,2001,2008,,UG,UG,Uganda,Uganda
UKR,Ukraine,Lower middle income,Europe & Central Asia,IBRD,,Ukrainian hryvnia,2001,"DHS, 2007",,,2003,1993,VAB,1987-95,2005,BPM5,Actual,General,Consolidated,SDDS,"ES/BS, 2008",Yes,,,2008,2000,UA,UA,Ukraine,Ukraine
UMC,Upper middle income,,,,,,,,"Upper middle income group aggregate. Upper-middle-income economies are those in which 2009 GNI per capita was between $3,946 and $12,195.",,,,,,,,,,,,,,,,,,,,Upper middle income,Upper middle income
URY,Oriental Republic of Uruguay,Upper middle income,Latin America & Caribbean,IBRD,,Uruguayan peso,2004,,The government has revised national accounts data for 1997-2008. The new base year is 2005.,2005,,,VAB,,2005,BPM5,Actual,Special,Consolidated,SDDS,"IHS, 2007",Yes,2000,2004,2008,2000,UY,UY,Uruguay,Uruguay
USA,United States of America,High income: OECD,North America,,,U.S. dollar,2000,CPS (monthly),Fiscal year end: September 30; reporting period for national accounts data: CY.,,2000,,VAB,,2005,BPM5,,General,Consolidated,SDDS,LFS 2000,Yes,1997/2002,2004,2008,2000,US,US,United States,United States
UZB,Republic of Uzbekistan,Lower middle income,Europe & Central Asia,Blend,,Uzbek sum,1989,"MICS, 2006",,,1997,1993,VAB,1990-95,,BPM5,Actual,General,,,"ES/BS, 2003",Yes,,,,2000,UZ,UZ,Uzbekistan,Uzbekistan
VCT,St. Vincent and the Grenadines,Upper middle income,Latin America & Caribbean,Blend,,East Caribbean dollar,2001,,,1990,,,VAB,,,BPM5,Preliminary,General,Consolidated,GDDS,,Yes,,,2008,,VC,VC,St. Vincent and the Grenadines,St. Vincent and the Grenadines
VEN,República Bolivariana de Venezuela,Upper middle income,Latin America & Caribbean,IBRD,,Venezuelan bolivar fuerte,2001,"MICS, 2000",,1997,,,VAB,,2005,BPM5,Actual,General,Consolidated,GDDS,"IHS, 2003",Yes,1997,,2008,,VE,VE,"Venezuela, RB",Venezuela
VIR,Virgin Islands of the United States,High income: nonOECD,Latin America & Caribbean,,,U.S. dollar,2000,,,1982,,,,,,,,General,,,,Yes,,,,,VI,VI,Virgin Islands (U.S.),Virgin Islands
VNM,Socialist Republic of Vietnam,Lower middle income,East Asia & Pacific,Blend,,Vietnamese dong,2009,"MICS, 2006",,1994,,1993,VAP,1991,2005,BPM4,Estimate,General,Consolidated,GDDS,"IHS, 2006",,2001,1999,2008,2000,VN,VN,Vietnam,Vietnam
VUT,Republic of Vanuatu,Lower middle income,East Asia & Pacific,IDA,,Vanuatu vatu,2009,,,1983,,,VAP,,,BPM5,Estimate,,Consolidated,GDDS,,,,,2007,,VU,VU,Vanuatu,Vanuatu
WBG,West Bank and Gaza,Lower middle income,Middle East & North Africa,,,Israeli new shekel,2007,"PAPFAM, 2006",,1997,,,VAB,,,,,,Budgetary,GDDS,,,1971,,,,PS,GZ,West Bank and Gaza,West Bank and Gaza
WLD,World,,,,,,,,World aggregate.,,,,,,,,,,,,,,,,,,,,World,World
WSM,Samoa,Lower middle income,East Asia & Pacific,IDA,,Samoan tala,2006,,,2002,,,VAB,,,BPM5,Preliminary,General,,,,,1999,,2008,,WS,WS,Samoa,Samoa
YEM,Republic of Yemen,Lower middle income,Middle East & North Africa,IDA,,Yemeni rial,2004,"MICS, 2006",,1990,,,VAP,1990-96,2005,BPM5,Actual,General,Budgetary,GDDS,"ES/BS, 2005",,2002,2005,2008,2000,YE,RY,"Yemen, Rep.",Yemen
ZAF,Republic of South Africa,Upper middle income,Sub-Saharan Africa,IBRD,,South African rand,2001,"DHS, 2003",Fiscal year end: March 31; reporting period for national accounts data: CY.,2000,,1993,VAB,,2005,BPM5,Preliminary,General,Consolidated,SDDS,"ES/BS, 2000",,2000,2005,2008,2000,ZA,ZA,South Africa,South Africa
ZAR,Democratic Republic of the Congo,Low income,Sub-Saharan Africa,IDA,HIPC,Congolese franc,1984,DHS 2007,,1987,,1993,VAB,1999-01,2005,BPM5,Estimate,Special,Consolidated,GDDS,"1-2-3, 2005-06",,1990,,1986,2000,CD,ZR,"Congo, Dem. Rep.",Dem. Rep. Congo
ZMB,Republic of Zambia,Low income,Sub-Saharan Africa,IDA,HIPC,Zambian kwacha,2000,"DHS, 2007",,1994,,,VAB,1990-92,2005,BPM5,Preliminary,General,Budgetary,GDDS,"IHS, 2004-05",,1990,,2008,2000,ZM,ZM,Zambia,Zambia
ZWE,Republic of Zimbabwe,Low income,Sub-Saharan Africa,Blend,,Zimbabwe dollar,2002,"DHS, 2005/06",Fiscal year end: June 30; reporting period for national accounts data: CY.,1990,,,VAB,"1991, 1998",2005,BPM5,Actual,General,Consolidated,GDDS,,,1960,1995,2008,2002,ZW,ZW,Zimbabwe,Zimbabwe
